<annotation>
	<folder></folder>
	<filename>AP123_2_0_5_png.rf.b831cd87e00c040197938e27a1e0ec49.jpg</filename>
	<path>AP123_2_0_5_png.rf.b831cd87e00c040197938e27a1e0ec49.jpg</path>
	<source>
		<database>roboflow.ai</database>
	</source>
	<size>
		<width>306</width>
		<height>244</height>
		<depth>3</depth>
	</size>
	<segmented>0</segmented>
	<object>
		<name>0</name>
		<pose>Unspecified</pose>
		<truncated>0</truncated>
		<difficult>0</difficult>
		<occluded>0</occluded>
		<bndbox>
			<xmin>54</xmin>
			<xmax>79</xmax>
			<ymin>148</ymin>
			<ymax>172</ymax>
		</bndbox>
	</object>
	<object>
		<name>0</name>
		<pose>Unspecified</pose>
		<truncated>0</truncated>
		<difficult>0</difficult>
		<occluded>0</occluded>
		<bndbox>
			<xmin>1</xmin>
			<xmax>12</xmax>
			<ymin>148</ymin>
			<ymax>163</ymax>
		</bndbox>
	</object>
</annotation>
