<annotation>
	<folder></folder>
	<filename>AP123_2_3_0_png.rf.8cf7088d8b6b379b9e5335f689258b4f.jpg</filename>
	<path>AP123_2_3_0_png.rf.8cf7088d8b6b379b9e5335f689258b4f.jpg</path>
	<source>
		<database>roboflow.ai</database>
	</source>
	<size>
		<width>296</width>
		<height>236</height>
		<depth>3</depth>
	</size>
	<segmented>0</segmented>
	<object>
		<name>0</name>
		<pose>Unspecified</pose>
		<truncated>0</truncated>
		<difficult>0</difficult>
		<occluded>0</occluded>
		<bndbox>
			<xmin>171</xmin>
			<xmax>198</xmax>
			<ymin>226</ymin>
			<ymax>237</ymax>
		</bndbox>
	</object>
	<object>
		<name>0</name>
		<pose>Unspecified</pose>
		<truncated>0</truncated>
		<difficult>0</difficult>
		<occluded>0</occluded>
		<bndbox>
			<xmin>198</xmin>
			<xmax>228</xmax>
			<ymin>228</ymin>
			<ymax>237</ymax>
		</bndbox>
	</object>
	<object>
		<name>0</name>
		<pose>Unspecified</pose>
		<truncated>0</truncated>
		<difficult>0</difficult>
		<occluded>0</occluded>
		<bndbox>
			<xmin>159</xmin>
			<xmax>176</xmax>
			<ymin>232</ymin>
			<ymax>237</ymax>
		</bndbox>
	</object>
</annotation>
