<annotation>
	<folder></folder>
	<filename>AP123_2_3_0_png.rf.6f12169ee7c0980f271c56c8744226dc.jpg</filename>
	<path>AP123_2_3_0_png.rf.6f12169ee7c0980f271c56c8744226dc.jpg</path>
	<source>
		<database>roboflow.ai</database>
	</source>
	<size>
		<width>286</width>
		<height>228</height>
		<depth>3</depth>
	</size>
	<segmented>0</segmented>
	<object>
		<name>0</name>
		<pose>Unspecified</pose>
		<truncated>0</truncated>
		<difficult>0</difficult>
		<occluded>0</occluded>
		<bndbox>
			<xmin>193</xmin>
			<xmax>219</xmax>
			<ymin>207</ymin>
			<ymax>229</ymax>
		</bndbox>
	</object>
	<object>
		<name>0</name>
		<pose>Unspecified</pose>
		<truncated>0</truncated>
		<difficult>0</difficult>
		<occluded>0</occluded>
		<bndbox>
			<xmin>212</xmin>
			<xmax>226</xmax>
			<ymin>200</ymin>
			<ymax>216</ymax>
		</bndbox>
	</object>
</annotation>
