<annotation>
	<folder></folder>
	<filename>AP39_4_4_png.rf.2211a6c522395fb7777d8d6f5bd98f03.jpg</filename>
	<path>AP39_4_4_png.rf.2211a6c522395fb7777d8d6f5bd98f03.jpg</path>
	<source>
		<database>roboflow.ai</database>
	</source>
	<size>
		<width>294</width>
		<height>236</height>
		<depth>3</depth>
	</size>
	<segmented>0</segmented>
	<object>
		<name>0</name>
		<pose>Unspecified</pose>
		<truncated>0</truncated>
		<difficult>0</difficult>
		<occluded>0</occluded>
		<bndbox>
			<xmin>281</xmin>
			<xmax>295</xmax>
			<ymin>155</ymin>
			<ymax>174</ymax>
		</bndbox>
	</object>
	<object>
		<name>0</name>
		<pose>Unspecified</pose>
		<truncated>0</truncated>
		<difficult>0</difficult>
		<occluded>0</occluded>
		<bndbox>
			<xmin>270</xmin>
			<xmax>293</xmax>
			<ymin>116</ymin>
			<ymax>142</ymax>
		</bndbox>
	</object>
</annotation>
