<annotation>
	<folder></folder>
	<filename>AP39_1_2_png.rf.dab398e02976116f719817e3e318f198.jpg</filename>
	<path>AP39_1_2_png.rf.dab398e02976116f719817e3e318f198.jpg</path>
	<source>
		<database>roboflow.ai</database>
	</source>
	<size>
		<width>302</width>
		<height>240</height>
		<depth>3</depth>
	</size>
	<segmented>0</segmented>
	<object>
		<name>0</name>
		<pose>Unspecified</pose>
		<truncated>0</truncated>
		<difficult>0</difficult>
		<occluded>0</occluded>
		<bndbox>
			<xmin>155</xmin>
			<xmax>171</xmax>
			<ymin>235</ymin>
			<ymax>241</ymax>
		</bndbox>
	</object>
	<object>
		<name>0</name>
		<pose>Unspecified</pose>
		<truncated>0</truncated>
		<difficult>0</difficult>
		<occluded>0</occluded>
		<bndbox>
			<xmin>155</xmin>
			<xmax>171</xmax>
			<ymin>235</ymin>
			<ymax>241</ymax>
		</bndbox>
	</object>
	<object>
		<name>0</name>
		<pose>Unspecified</pose>
		<truncated>0</truncated>
		<difficult>0</difficult>
		<occluded>0</occluded>
		<bndbox>
			<xmin>141</xmin>
			<xmax>156</xmax>
			<ymin>236</ymin>
			<ymax>241</ymax>
		</bndbox>
	</object>
	<object>
		<name>0</name>
		<pose>Unspecified</pose>
		<truncated>0</truncated>
		<difficult>0</difficult>
		<occluded>0</occluded>
		<bndbox>
			<xmin>121</xmin>
			<xmax>136</xmax>
			<ymin>230</ymin>
			<ymax>240</ymax>
		</bndbox>
	</object>
	<object>
		<name>0</name>
		<pose>Unspecified</pose>
		<truncated>0</truncated>
		<difficult>0</difficult>
		<occluded>0</occluded>
		<bndbox>
			<xmin>137</xmin>
			<xmax>153</xmax>
			<ymin>230</ymin>
			<ymax>241</ymax>
		</bndbox>
	</object>
</annotation>
