<annotation>
	<folder></folder>
	<filename>AP39_1_3_png.rf.223f06098479b0a0e2a13be0575e65af.jpg</filename>
	<path>AP39_1_3_png.rf.223f06098479b0a0e2a13be0575e65af.jpg</path>
	<source>
		<database>roboflow.ai</database>
	</source>
	<size>
		<width>314</width>
		<height>252</height>
		<depth>3</depth>
	</size>
	<segmented>0</segmented>
	<object>
		<name>0</name>
		<pose>Unspecified</pose>
		<truncated>0</truncated>
		<difficult>0</difficult>
		<occluded>0</occluded>
		<bndbox>
			<xmin>278</xmin>
			<xmax>283</xmax>
			<ymin>158</ymin>
			<ymax>169</ymax>
		</bndbox>
	</object>
	<object>
		<name>0</name>
		<pose>Unspecified</pose>
		<truncated>0</truncated>
		<difficult>0</difficult>
		<occluded>0</occluded>
		<bndbox>
			<xmin>280</xmin>
			<xmax>288</xmax>
			<ymin>83</ymin>
			<ymax>99</ymax>
		</bndbox>
	</object>
</annotation>
