<annotation>
	<folder></folder>
	<filename>APT123_4_3_4_png.rf.1bd5f71c1593af98fccfb277d0171aba.jpg</filename>
	<path>APT123_4_3_4_png.rf.1bd5f71c1593af98fccfb277d0171aba.jpg</path>
	<source>
		<database>roboflow.ai</database>
	</source>
	<size>
		<width>306</width>
		<height>244</height>
		<depth>3</depth>
	</size>
	<segmented>0</segmented>
	<object>
		<name>0</name>
		<pose>Unspecified</pose>
		<truncated>0</truncated>
		<difficult>0</difficult>
		<occluded>0</occluded>
		<bndbox>
			<xmin>8</xmin>
			<xmax>32</xmax>
			<ymin>73</ymin>
			<ymax>96</ymax>
		</bndbox>
	</object>
	<object>
		<name>0</name>
		<pose>Unspecified</pose>
		<truncated>0</truncated>
		<difficult>0</difficult>
		<occluded>0</occluded>
		<bndbox>
			<xmin>22</xmin>
			<xmax>45</xmax>
			<ymin>71</ymin>
			<ymax>93</ymax>
		</bndbox>
	</object>
	<object>
		<name>0</name>
		<pose>Unspecified</pose>
		<truncated>0</truncated>
		<difficult>0</difficult>
		<occluded>0</occluded>
		<bndbox>
			<xmin>33</xmin>
			<xmax>62</xmax>
			<ymin>50</ymin>
			<ymax>78</ymax>
		</bndbox>
	</object>
	<object>
		<name>0</name>
		<pose>Unspecified</pose>
		<truncated>0</truncated>
		<difficult>0</difficult>
		<occluded>0</occluded>
		<bndbox>
			<xmin>25</xmin>
			<xmax>45</xmax>
			<ymin>60</ymin>
			<ymax>79</ymax>
		</bndbox>
	</object>
	<object>
		<name>0</name>
		<pose>Unspecified</pose>
		<truncated>0</truncated>
		<difficult>0</difficult>
		<occluded>0</occluded>
		<bndbox>
			<xmin>1</xmin>
			<xmax>6</xmax>
			<ymin>94</ymin>
			<ymax>117</ymax>
		</bndbox>
	</object>
	<object>
		<name>0</name>
		<pose>Unspecified</pose>
		<truncated>0</truncated>
		<difficult>0</difficult>
		<occluded>0</occluded>
		<bndbox>
			<xmin>1</xmin>
			<xmax>19</xmax>
			<ymin>90</ymin>
			<ymax>112</ymax>
		</bndbox>
	</object>
</annotation>
