<annotation>
	<folder></folder>
	<filename>HTB_5_5_png.rf.6a6e81310b547be3ec8055518298b901.jpg</filename>
	<path>HTB_5_5_png.rf.6a6e81310b547be3ec8055518298b901.jpg</path>
	<source>
		<database>roboflow.ai</database>
	</source>
	<size>
		<width>302</width>
		<height>240</height>
		<depth>3</depth>
	</size>
	<segmented>0</segmented>
	<object>
		<name>0</name>
		<pose>Unspecified</pose>
		<truncated>0</truncated>
		<difficult>0</difficult>
		<occluded>0</occluded>
		<bndbox>
			<xmin>273</xmin>
			<xmax>291</xmax>
			<ymin>30</ymin>
			<ymax>40</ymax>
		</bndbox>
	</object>
</annotation>
