<annotation>
	<folder></folder>
	<filename>HTB_2_4_png.rf.dcbd1b7547d22dae78683fa9722f1cd0.jpg</filename>
	<path>HTB_2_4_png.rf.dcbd1b7547d22dae78683fa9722f1cd0.jpg</path>
	<source>
		<database>roboflow.ai</database>
	</source>
	<size>
		<width>302</width>
		<height>240</height>
		<depth>3</depth>
	</size>
	<segmented>0</segmented>
	<object>
		<name>0</name>
		<pose>Unspecified</pose>
		<truncated>0</truncated>
		<difficult>0</difficult>
		<occluded>0</occluded>
		<bndbox>
			<xmin>28</xmin>
			<xmax>45</xmax>
			<ymin>49</ymin>
			<ymax>67</ymax>
		</bndbox>
	</object>
	<object>
		<name>0</name>
		<pose>Unspecified</pose>
		<truncated>0</truncated>
		<difficult>0</difficult>
		<occluded>0</occluded>
		<bndbox>
			<xmin>60</xmin>
			<xmax>78</xmax>
			<ymin>205</ymin>
			<ymax>224</ymax>
		</bndbox>
	</object>
	<object>
		<name>0</name>
		<pose>Unspecified</pose>
		<truncated>0</truncated>
		<difficult>0</difficult>
		<occluded>0</occluded>
		<bndbox>
			<xmin>65</xmin>
			<xmax>79</xmax>
			<ymin>220</ymin>
			<ymax>238</ymax>
		</bndbox>
	</object>
</annotation>
