<annotation>
	<folder></folder>
	<filename>HTB_2_1_png.rf.2db9052bc08a6530498002b8d4c36e03.jpg</filename>
	<path>HTB_2_1_png.rf.2db9052bc08a6530498002b8d4c36e03.jpg</path>
	<source>
		<database>roboflow.ai</database>
	</source>
	<size>
		<width>294</width>
		<height>234</height>
		<depth>3</depth>
	</size>
	<segmented>0</segmented>
	<object>
		<name>0</name>
		<pose>Unspecified</pose>
		<truncated>0</truncated>
		<difficult>0</difficult>
		<occluded>0</occluded>
		<bndbox>
			<xmin>217</xmin>
			<xmax>243</xmax>
			<ymin>230</ymin>
			<ymax>235</ymax>
		</bndbox>
	</object>
	<object>
		<name>0</name>
		<pose>Unspecified</pose>
		<truncated>0</truncated>
		<difficult>0</difficult>
		<occluded>0</occluded>
		<bndbox>
			<xmin>117</xmin>
			<xmax>134</xmax>
			<ymin>190</ymin>
			<ymax>208</ymax>
		</bndbox>
	</object>
</annotation>
