<annotation>
	<folder></folder>
	<filename>HTB_4_5_png.rf.f7ab2661e40532f7e75f6374203c9926.jpg</filename>
	<path>HTB_4_5_png.rf.f7ab2661e40532f7e75f6374203c9926.jpg</path>
	<source>
		<database>roboflow.ai</database>
	</source>
	<size>
		<width>304</width>
		<height>244</height>
		<depth>3</depth>
	</size>
	<segmented>0</segmented>
	<object>
		<name>0</name>
		<pose>Unspecified</pose>
		<truncated>0</truncated>
		<difficult>0</difficult>
		<occluded>0</occluded>
		<bndbox>
			<xmin>97</xmin>
			<xmax>129</xmax>
			<ymin>195</ymin>
			<ymax>225</ymax>
		</bndbox>
	</object>
</annotation>
