<annotation>
	<folder></folder>
	<filename>HTB_3_0_png.rf.9e6f5f87ee8c4317021395a30b83ca80.jpg</filename>
	<path>HTB_3_0_png.rf.9e6f5f87ee8c4317021395a30b83ca80.jpg</path>
	<source>
		<database>roboflow.ai</database>
	</source>
	<size>
		<width>312</width>
		<height>248</height>
		<depth>3</depth>
	</size>
	<segmented>0</segmented>
	<object>
		<name>0</name>
		<pose>Unspecified</pose>
		<truncated>0</truncated>
		<difficult>0</difficult>
		<occluded>0</occluded>
		<bndbox>
			<xmin>299</xmin>
			<xmax>311</xmax>
			<ymin>234</ymin>
			<ymax>242</ymax>
		</bndbox>
	</object>
	<object>
		<name>0</name>
		<pose>Unspecified</pose>
		<truncated>0</truncated>
		<difficult>0</difficult>
		<occluded>0</occluded>
		<bndbox>
			<xmin>247</xmin>
			<xmax>270</xmax>
			<ymin>164</ymin>
			<ymax>179</ymax>
		</bndbox>
	</object>
	<object>
		<name>0</name>
		<pose>Unspecified</pose>
		<truncated>0</truncated>
		<difficult>0</difficult>
		<occluded>0</occluded>
		<bndbox>
			<xmin>298</xmin>
			<xmax>310</xmax>
			<ymin>240</ymin>
			<ymax>249</ymax>
		</bndbox>
	</object>
	<object>
		<name>0</name>
		<pose>Unspecified</pose>
		<truncated>0</truncated>
		<difficult>0</difficult>
		<occluded>0</occluded>
		<bndbox>
			<xmin>234</xmin>
			<xmax>251</xmax>
			<ymin>159</ymin>
			<ymax>175</ymax>
		</bndbox>
	</object>
	<object>
		<name>0</name>
		<pose>Unspecified</pose>
		<truncated>0</truncated>
		<difficult>0</difficult>
		<occluded>0</occluded>
		<bndbox>
			<xmin>253</xmin>
			<xmax>274</xmax>
			<ymin>109</ymin>
			<ymax>124</ymax>
		</bndbox>
	</object>
</annotation>
