<annotation>
	<folder></folder>
	<filename>HTB_2_1_png.rf.dcdaf37431e6182d7073cc942edd1a2f.jpg</filename>
	<path>HTB_2_1_png.rf.dcdaf37431e6182d7073cc942edd1a2f.jpg</path>
	<source>
		<database>roboflow.ai</database>
	</source>
	<size>
		<width>294</width>
		<height>236</height>
		<depth>3</depth>
	</size>
	<segmented>0</segmented>
	<object>
		<name>0</name>
		<pose>Unspecified</pose>
		<truncated>0</truncated>
		<difficult>0</difficult>
		<occluded>0</occluded>
		<bndbox>
			<xmin>4</xmin>
			<xmax>31</xmax>
			<ymin>160</ymin>
			<ymax>182</ymax>
		</bndbox>
	</object>
	<object>
		<name>0</name>
		<pose>Unspecified</pose>
		<truncated>0</truncated>
		<difficult>0</difficult>
		<occluded>0</occluded>
		<bndbox>
			<xmin>113</xmin>
			<xmax>137</xmax>
			<ymin>185</ymin>
			<ymax>209</ymax>
		</bndbox>
	</object>
</annotation>
